{
    "classes": [
        "hard",
        "easy"
    ],
    "datetime": "2018-09-26 16:27",
    "synapse0": [
        [
            -0.021402970559624788,
            -0.635846390173939,
            -1.6059550953066255,
            0.501829412948822,
            -1.0513152696689134,
            -2.0198075986675965,
            -0.5324989050102531,
            0.9350301820729602,
            0.9615573030384056,
            -0.3977494926982645,
            -0.2953396156987509,
            1.2435763392642092,
            -1.7380792328705927,
            1.4024733406376038,
            -0.9308396612084825,
            1.822170255447356,
            -1.4343185183632754,
            0.4184954829376902,
            0.5582547670225604,
            -1.0361150367508007
        ],
        [
            0.5010012320329846,
            1.6003211201432987,
            0.40797347479194807,
            -0.40880941656348224,
            1.0377453344320062,
            1.9003639231988123,
            -0.9170555382129032,
            -1.6961490798893721,
            -1.4867578143472122,
            1.106123924978583,
            -0.707938104302941,
            -0.9881716318879624,
            1.8207752329363196,
            -0.66193122972861,
            0.3791442911406025,
            -1.714313568018428,
            1.453603906645513,
            0.4039630828409732,
            -1.7157868518586457,
            0.9086162600688201
        ]
    ],
    "synapse1": [
        [
            0.7915494952967304,
            0.7607750080949264
        ],
        [
            -0.9738027762058307,
            1.2291306122396073
        ],
        [
            -1.397666780191568,
            0.577058807830824
        ],
        [
            1.0288502113808295,
            -0.5774208532515653
        ],
        [
            -1.2911916995018822,
            0.23381297217647132
        ],
        [
            -2.3664630187458084,
            1.9023472816034552
        ],
        [
            -0.3032645065650513,
            -0.7141221699319337
        ],
        [
            1.0408001056204583,
            -1.9625999667318317
        ],
        [
            1.1454005931751845,
            -1.707620641627223
        ],
        [
            -0.24353341205103277,
            0.9209578802489747
        ],
        [
            -0.3610748666729303,
            -0.5761617652693288
        ],
        [
            1.402604229293337,
            -1.172539212812321
        ],
        [
            -2.175178433368124,
            1.4834703752118954
        ],
        [
            1.3388208764539582,
            -0.9576467323280486
        ],
        [
            0.27172681310041025,
            0.8747688248055941
        ],
        [
            2.265614894783519,
            -2.202000572203713
        ],
        [
            -1.568625653930248,
            1.579093066571493
        ],
        [
            -0.15633179779979667,
            -0.646047837136184
        ],
        [
            1.6585822479918362,
            -1.1137118200618776
        ],
        [
            -0.22645971247622332,
            1.2795693193246804
        ]
    ],
    "words": [
        "learn",
        "thi"
    ]
}